"strd_date","algr_strd_date","algr_no","algr_nm","algr_tst_dgre","dnf_aset_dv_val","stck_hld_dv_val","stck_icln_typ_val","acc_pfr_rnk","stp_amt","lmco_fltu_rt","dly_prft_rt","awk_prft_rt","mm1_prft_rt","mm3_prft_rt","mm6_prft_rt","yy1_prft_rt","yy2_prft_rt","yy3_prft_rt","acml_prft_rt"
"20210215","20210215","20","쿼터백 글로벌자산배분 해외상장ETF","1","99","00","01","0","1158.52","-8.87","-0.76","-1.15","0.82","0.94","-4.41","-0.93","14.22","21.76","15.85"
"20210215","20210215","20","쿼터백 글로벌자산배분 해외상장ETF","1","99","00","02","0","1307.31","-9.11","-0.69","-0.62","2.27","5.8","2.32","3.97","23.53","30.25","30.73"
"20210215","20210215","20","쿼터백 글로벌자산배분 해외상장ETF","1","99","00","03","0","1408.89","-9.46","-0.67","-0.38","3.04","8.46","6.02","6.71","29.67","36.32","40.89"
"20210215","20210215","21","W_Robo 글로벌자산배분","1","99","00","01","0","1406.09","-7.0","-0.5","0.58","4.11","9.54","7.5","18.85","38.17","42.24","40.61"
"20210215","20210215","21","W_Robo 글로벌자산배분","1","99","00","02","0","1385.32","-8.4","-0.6","0.54","3.41","18.41","18.28","20.0","33.3","33.76","38.53"
"20210215","20210215","21","W_Robo 글로벌자산배분","1","99","00","03","0","1575.22","-6.2","-0.39","0.71","3.86","18.26","20.45","31.46","51.24","52.02","57.52"
"20210215","20210215","25","신한-디셈버 ISAAC 펀드","1","00","00","01","0","1226.93","5.12","0.42","0.96","2.81","6.61","8.96","9.12","17.29","20.27","22.69"
"20210215","20210215","25","신한-디셈버 ISAAC 펀드","1","00","00","02","0","1308.1","11.81","0.91","2.15","3.67","13.06","17.12","14.09","25.01","26.87","30.81"
"20210215","20210215","25","신한-디셈버 ISAAC 펀드","1","00","00","03","0","1382.72","17.47","1.28","2.95","4.49","19.15","25.35","17.83","31.89","28.8","38.27"
"20210215","20210215","35","대신로보밸런스","1","00","00","01","0","1248.89","2.78","0.22","0.04","0.0","7.83","8.65","11.34","17.13","15.88","24.89"
"20210215","20210215","35","대신로보밸런스","1","00","00","02","0","1359.63","4.32","0.32","0.11","0.0","12.97","14.39","19.49","25.25","21.71","35.96"
"20210215","20210215","35","대신로보밸런스","1","00","00","03","0","1436.64","4.99","0.35","0.09","0.09","15.42","17.21","21.96","29.33","24.16","43.66"
"20210215","20210215","43","SK-쿼터백 ROBO 1호","1","00","00","01","0","1263.72","1.9","0.15","0.52","1.54","7.69","9.55","8.62","18.09","16.5","26.37"
"20210215","20210215","43","SK-쿼터백 ROBO 1호","1","00","00","02","0","1328.04","2.49","0.19","0.66","1.3","9.84","12.04","11.88","23.64","20.06","32.8"
"20210215","20210215","43","SK-쿼터백 ROBO 1호","1","00","00","03","0","1476.65","3.69","0.25","0.86","1.03","13.16","15.97","16.95","32.77","25.94","47.66"
"20210215","20210215","45","QV 글로벌 자산배분","1","99","00","01","0","1059.85","-9.43","-0.88","-1.28","1.02","1.37","-3.77","-4.94","4.0","8.84","5.98"
"20210215","20210215","45","QV 글로벌 자산배분","1","99","00","02","0","1365.98","-4.63","-0.34","-0.39","1.38","7.62","4.65","2.77","24.16","27.92","36.6"
"20210215","20210215","45","QV 글로벌 자산배분","1","99","00","03","0","1389.34","-1.51","-0.11","0.34","2.07","13.19","11.73","2.57","22.12","24.04","38.93"
"20210215","20210215","46","웰스멘토밸류","1","00","00","01","0","1056.52","0.57","0.05","0.42","0.22","3.05","6.28","6.31","5.4","7.69","5.65"
"20210215","20210215","46","웰스멘토밸류","1","00","00","02","0","1110.14","2.13","0.19","0.73","0.38","6.17","11.74","14.04","8.89","11.39","11.01"
"20210215","20210215","46","웰스멘토밸류","1","00","00","03","0","1227.73","7.5","0.61","1.46","0.84","16.56","27.45","39.36","20.4","14.49","22.77"
"20210215","20210215","47","쿼터백 글로벌자산배분 국내상장ETF","1","00","00","01","0","1087.73","0.54","0.05","0.22","0.41","1.51","1.77","3.14","7.28","9.0","8.77"
"20210215","20210215","47","쿼터백 글로벌자산배분 국내상장ETF","1","00","00","02","0","1179.11","2.36","0.2","0.74","1.34","6.4","8.23","6.39","14.53","14.07","17.91"
"20210215","20210215","47","쿼터백 글로벌자산배분 국내상장ETF","1","00","00","03","0","1239.28","3.38","0.27","1.01","1.68","8.87","11.3","8.53","19.55","17.39","23.93"
"20210215","20210215","48","키움 글로벌 자산배분형 RA","1","00","00","01","0","1159.52","1.4","0.12","0.88","1.72","7.22","7.93","3.7","12.92","14.94","15.95"
"20210215","20210215","48","키움 글로벌 자산배분형 RA","1","00","00","02","0","1252.19","2.26","0.18","1.31","2.56","10.81","11.82","5.25","19.15","21.63","25.22"
"20210215","20210215","48","키움 글로벌 자산배분형 RA","1","00","00","03","0","1341.89","2.67","0.2","1.44","2.81","11.95","12.93","5.7","22.72","25.51","34.19"
"20210215","20210215","54","우리_로보어드알파_파운트 펀드1","1","00","00","01","0","1109.57","0.65","0.06","0.35","0.24","5.1","6.22","1.81","9.02","8.25","10.96"
"20210215","20210215","54","우리_로보어드알파_파운트 펀드1","1","00","00","02","0","1142.81","2.03","0.18","0.48","0.98","4.63","6.84","1.31","9.38","7.51","14.28"
"20210215","20210215","54","우리_로보어드알파_파운트 펀드1","1","00","00","03","0","1161.52","2.66","0.23","0.62","1.24","5.86","8.57","2.21","11.19","8.68","16.15"
"20210215","20210215","55","우리_로보어드알파_파운트 펀드2","1","00","00","01","0","1110.64","0.64","0.06","0.35","0.24","5.1","6.25","1.84","9.01","8.28","11.06"
"20210215","20210215","55","우리_로보어드알파_파운트 펀드2","1","00","00","02","0","1147.09","2.03","0.18","0.48","0.98","4.63","6.84","1.31","9.32","7.55","14.71"
"20210215","20210215","55","우리_로보어드알파_파운트 펀드2","1","00","00","03","0","1164.65","2.67","0.23","0.62","1.24","5.86","8.57","2.21","11.19","8.68","16.47"
"20210215","20210215","59","디셈버 ISAAC 자산배분 해외형","1","99","00","01","0","1081.93","-8.84","-0.81","-1.21","1.11","1.25","-3.5","-1.42","8.53","14.73","8.19"
"20210215","20210215","59","디셈버 ISAAC 자산배분 해외형","1","99","00","02","0","1221.83","-9.33","-0.76","-0.89","1.76","4.9","1.5","3.88","16.96","21.11","22.18"
"20210215","20210215","59","디셈버 ISAAC 자산배분 해외형","1","99","00","03","0","1292.56","-8.68","-0.67","-0.45","2.7","8.2","5.44","5.63","21.23","22.46","29.26"
"20210215","20210215","60","디셈버 ISAAC 자산배분 국내형","1","00","00","01","0","1101.52","-1.53","-0.14","-0.13","0.42","1.11","1.28","2.22","4.91","5.88","10.15"
"20210215","20210215","60","디셈버 ISAAC 자산배분 국내형","1","00","00","02","0","1196.85","-1.51","-0.13","0.09","1.36","3.88","4.62","3.37","9.64","8.71","19.68"
"20210215","20210215","60","디셈버 ISAAC 자산배분 국내형","1","00","00","03","0","1248.71","-1.48","-0.12","0.3","2.24","6.41","7.45","2.77","12.31","10.7","24.87"
"20210215","20210215","62","QV-ISAAC 자산배분 펀드형","1","00","00","01","0","1132.66","1.55","0.14","0.43","0.53","1.88","2.84","0.14","5.64","7.56","13.27"
"20210215","20210215","62","QV-ISAAC 자산배분 펀드형","1","00","00","02","0","1191.28","3.67","0.31","1.11","1.09","5.34","7.43","2.97","13.71","11.54","19.13"
"20210215","20210215","62","QV-ISAAC 자산배분 펀드형","1","00","00","03","0","1316.81","6.33","0.48","1.75","1.71","7.46","10.69","10.02","25.59","18.35","31.68"
"20210215","20210215","70","KEB하나_크래프트 자산배분 알파","2","00","00","01","0","1042.21","1.92","0.18","0.43","1.04","3.18","4.95","-3.23","2.44","2.42","4.22"
"20210215","20210215","70","KEB하나_크래프트 자산배분 알파","2","00","00","02","0","1160.18","5.73","0.5","0.6","1.15","8.88","11.64","11.5","15.25","12.26","16.02"
"20210215","20210215","70","KEB하나_크래프트 자산배분 알파","2","00","00","03","0","1241.7","9.31","0.76","0.92","1.64","13.69","18.59","22.48","22.93","14.0","24.17"
"20210215","20210215","72","대신로보밸런스(글로벌형)","2","00","00","01","0","1184.97","1.48","0.13","0.15","0.45","6.47","7.06","6.43","15.09","15.3","18.5"
"20210215","20210215","72","대신로보밸런스(글로벌형)","2","00","00","02","0","1243.55","1.98","0.16","0.23","0.99","10.69","11.55","9.62","21.0","19.81","24.35"
"20210215","20210215","72","대신로보밸런스(글로벌형)","2","00","00","03","0","1308.04","1.98","0.15","0.23","1.02","12.68","14.04","12.57","26.86","24.35","30.8"
"20210215","20210215","73","I77","2","00","00","01","0","1094.14","0.08","0.01","-0.24","0.66","2.66","4.34","1.57","5.9","8.44","9.41"
"20210215","20210215","73","I77","2","00","00","02","0","1068.63","1.03","0.1","-0.19","0.07","4.43","5.76","5.27","8.84","4.41","6.86"
"20210215","20210215","73","I77","2","00","00","03","0","1053.47","1.63","0.15","-0.22","-0.16","6.17","7.68","7.87","11.57","1.71","5.35"
"20210215","20210215","80","데이터앤애널리틱스 FASST KOREA","2","00","00","01","0","1198.35","-0.97","-0.08","-0.07","1.81","4.35","2.41","6.27","18.31","16.16","19.83"
"20210215","20210215","80","데이터앤애널리틱스 FASST KOREA","2","00","00","02","0","1237.0","-1.2","-0.1","-0.08","2.24","5.54","2.84","7.68","23.92","19.28","23.7"
"20210215","20210215","80","데이터앤애널리틱스 FASST KOREA","2","00","00","03","0","1421.13","-1.11","-0.08","0.12","3.72","10.14","11.66","18.7","42.74","34.73","42.11"
"20210215","20210215","84","QV 연금포트폴리오","2","00","00","01","0","1151.03","0.44","0.04","0.22","0.46","3.91","4.7","5.0","11.92","12.64","15.1"
"20210215","20210215","84","QV 연금포트폴리오","2","00","00","02","0","1279.61","2.2","0.17","0.48","0.76","7.11","8.87","10.46","21.62","22.56","27.96"
"20210215","20210215","84","QV 연금포트폴리오","2","00","00","03","0","1240.81","2.54","0.21","0.58","1.04","8.84","10.81","5.51","17.14","17.5","24.08"
"20210215","20210215","85","키움 멀티에셋","2","00","00","01","0","1212.0","-0.83","-0.07","0.2","1.88","5.38","3.55","6.81","18.91","19.75","21.2"
"20210215","20210215","85","키움 멀티에셋","2","00","00","02","0","1319.84","-1.26","-0.1","-0.01","2.25","6.55","3.77","10.77","30.7","29.42","31.98"
"20210215","20210215","85","키움 멀티에셋","2","00","00","03","0","1443.34","-1.29","-0.09","0.08","3.16","9.59","7.52","17.03","44.46","40.49","44.33"
"20210215","20210215","87","키움 Momentum","2","00","00","01","0","1222.37","12.72","1.05","-4.36","0.86","11.97","11.71","21.9","17.28","15.64","22.24"
"20210215","20210215","87","키움 Momentum","2","00","00","02","0","1266.99","16.03","1.28","-6.11","1.14","17.67","17.24","30.46","22.9","18.99","26.7"
"20210215","20210215","87","키움 Momentum","2","00","00","03","0","1371.72","27.05","2.01","-7.07","1.68","26.06","24.98","43.78","34.11","26.92","37.17"
"20210215","20210215","89","디셈버 미국 주식 솔루션","2","99","00","01","0","1096.35","-8.86","-0.8","-1.15","0.94","1.23","-3.71","-2.41","6.4","13.38","9.63"
"20210215","20210215","89","디셈버 미국 주식 솔루션","2","99","00","02","0","1153.09","-8.62","-0.74","-0.45","0.88","4.49","0.93","-0.49","9.85","16.84","15.31"
"20210215","20210215","89","디셈버 미국 주식 솔루션","2","99","00","03","0","1174.88","-8.04","-0.68","0.21","0.9","7.68","5.21","-0.22","10.33","17.26","17.49"
"20210215","20210215","90","파운트 블루웨일(펀드)1.0","3","00","00","01","0","1264.87","6.8","0.54","0.85","3.11","8.7","12.18","14.72","24.35","0.0","26.49"
"20210215","20210215","90","파운트 블루웨일(펀드)1.0","3","00","00","02","0","1358.17","10.47","0.78","1.22","4.42","11.69","16.39","19.57","34.33","0.0","35.82"
"20210215","20210215","90","파운트 블루웨일(펀드)1.0","3","00","00","03","0","1452.21","14.9","1.04","1.61","5.84","15.77","22.25","26.0","46.18","0.0","45.22"
"20210215","20210215","91","파운트 블루웨일(ETF)1.0","3","00","00","01","0","1030.73","-2.73","-0.26","0.07","-0.27","1.68","2.88","-1.26","4.25","0.0","3.07"
"20210215","20210215","91","파운트 블루웨일(ETF)1.0","3","00","00","02","0","1043.67","-1.83","-0.18","0.28","0.0","3.57","5.3","-1.33","6.86","0.0","4.37"
"20210215","20210215","91","파운트 블루웨일(ETF)1.0","3","00","00","03","0","1057.16","2.26","0.21","1.09","1.01","5.57","7.87","-1.61","10.84","0.0","5.72"
"20210215","20210215","92","템피스BIGBOT클래식","3","00","00","01","0","1033.68","2.77","0.27","-0.2","0.69","13.82","10.32","12.38","4.91","1.26","3.37"
"20210215","20210215","92","템피스BIGBOT클래식","3","00","00","02","0","1041.4","9.05","0.88","-0.54","4.37","34.58","25.34","28.2","9.26","-0.05","4.14"
"20210215","20210215","92","템피스BIGBOT클래식","3","00","00","03","0","1291.39","10.67","0.83","-1.12","-3.11","13.68","14.89","26.38","25.91","22.12","29.14"
"20210215","20210215","95","스마트 로보","4","00","00","01","0","1052.28","2.15","0.2","-0.3","-0.23","8.4","10.19","1.2","3.94","5.09","5.23"
"20210215","20210215","95","스마트 로보","4","00","00","02","0","1102.74","3.41","0.31","-0.33","-0.15","13.18","15.59","8.35","11.41","10.05","10.27"
"20210215","20210215","95","스마트 로보","4","00","00","03","0","1167.81","5.52","0.47","-0.11","0.79","19.66","22.29","17.1","19.69","16.28","16.78"
"20210215","20210215","96","대신로보밸런스[V형]","4","00","00","01","0","1107.29","2.45","0.22","0.52","0.68","4.7","5.34","5.43","10.71","10.56","10.73"
"20210215","20210215","96","대신로보밸런스[V형]","4","00","00","02","0","1153.28","3.58","0.31","0.88","1.33","7.98","9.5","9.1","17.44","14.96","15.33"
"20210215","20210215","96","대신로보밸런스[V형]","4","00","00","03","0","1193.43","4.84","0.41","1.23","1.92","11.43","13.91","12.35","24.03","18.71","19.34"
"20210215","20210215","99","NH로보 주식형 로우볼","4","00","00","01","0","953.48","0.0","0.0","0.0","0.0","0.0","0.0","0.0","1.84","-3.79","-4.65"
"20210215","20210215","99","NH로보 주식형 로우볼","4","00","00","02","0","923.43","0.0","0.0","0.0","0.0","0.0","0.0","0.0","2.88","-6.62","-7.66"
"20210215","20210215","99","NH로보 주식형 로우볼","4","00","00","03","0","879.35","0.0","0.0","0.0","0.0","0.0","0.0","0.0","2.94","-10.57","-12.07"
"20210215","20210215","100","W-Robo Fund Selection","4","00","00","01","0","1397.44","-3.67","-0.26","0.85","6.39","14.3","15.86","26.72","38.48","39.61","39.74"
"20210215","20210215","100","W-Robo Fund Selection","4","00","00","02","0","1526.94","-4.07","-0.27","1.09","3.11","17.67","21.29","39.1","50.51","52.4","52.69"
"20210215","20210215","100","W-Robo Fund Selection","4","00","00","03","0","1545.01","-1.82","-0.12","1.35","3.56","20.66","23.58","42.95","57.01","54.3","54.5"
"20210215","20210215","102","디셈버 다이렉트 ETF 국내형","5","00","00","01","0","1088.88","-1.39","-0.13","-0.12","0.42","0.98","0.82","1.61","4.11","4.67","8.89"
"20210215","20210215","102","디셈버 다이렉트 ETF 국내형","5","00","00","02","0","1177.37","-1.44","-0.12","0.1","1.32","3.56","4.12","2.48","8.24","6.94","17.74"
"20210215","20210215","102","디셈버 다이렉트 ETF 국내형","5","00","00","03","0","1233.41","-1.39","-0.11","0.31","2.19","6.3","7.41","2.38","11.61","9.35","23.34"
"20210215","20210215","103","디셈버 다이렉트 ETF 해외형","5","99","00","01","0","1085.49","-8.96","-0.82","-1.18","1.24","1.59","-3.6","-1.58","9.29","15.11","8.55"
"20210215","20210215","103","디셈버 다이렉트 ETF 해외형","5","99","00","02","0","1189.8","-8.91","-0.74","-0.83","2.03","5.74","1.75","2.8","14.56","17.94","18.98"
"20210215","20210215","103","디셈버 다이렉트 ETF 해외형","5","99","00","03","0","1293.58","-8.42","-0.65","-0.41","2.87","9.94","7.12","7.2","22.17","22.56","29.36"
"20210215","20210215","106","A.I. MIND","6","99","00","01","0","1100.64","-8.11","-0.73","-0.81","2.1","4.68","-0.08","0.14","10.07","0.0","10.06"
"20210215","20210215","106","A.I. MIND","6","99","00","02","0","1188.53","-7.75","-0.65","-0.32","2.92","7.81","3.92","4.47","18.04","0.0","18.85"
"20210215","20210215","106","A.I. MIND","6","99","00","03","0","1372.48","-6.35","-0.46","0.69","4.68","15.95","13.81","14.1","37.36","0.0","37.25"
"20210215","20210215","107","NH로보 ETF형 모멘텀","6","00","00","01","0","1062.68","-1.24","-0.12","0.07","0.11","5.18","5.22","9.94","3.37","0.0","6.27"
"20210215","20210215","203","NH로보 ETF형 모멘텀","6","00","00","01","0","1062.68","-1.24","-0.12","0.07","0.11","5.18","5.22","9.94","3.37","0.0","6.27"
"20210215","20210215","107","NH로보 ETF형 모멘텀","6","00","00","02","0","1119.64","0.21","0.02","-0.07","0.84","10.98","12.25","18.58","8.79","0.0","11.96"
"20210215","20210215","203","NH로보 ETF형 모멘텀","6","00","00","02","0","1119.64","0.21","0.02","-0.07","0.84","10.98","12.25","18.58","8.79","0.0","11.96"
"20210215","20210215","107","NH로보 ETF형 모멘텀","6","00","00","03","0","1181.34","1.54","0.13","0.0","1.12","15.97","18.69","27.1","14.0","0.0","18.13"
"20210215","20210215","203","NH로보 ETF형 모멘텀","6","00","00","03","0","1181.34","1.54","0.13","0.0","1.12","15.97","18.69","27.1","14.0","0.0","18.13"
"20210215","20210215","109","미래에셋대우GQS","6","00","00","01","0","1106.59","0.9","0.08","0.18","1.42","1.62","1.44","1.6","9.34","0.0","10.66"
"20210215","20210215","109","미래에셋대우GQS","6","00","00","02","0","1164.63","7.42","0.64","0.49","1.97","6.14","6.91","8.22","15.07","0.0","16.46"
"20210215","20210215","109","미래에셋대우GQS","6","00","00","03","0","1199.49","7.02","0.59","-0.06","1.28","8.53","11.04","9.97","18.18","0.0","19.95"
"20210215","20210215","110","KB_케이봇쌤_글로벌","6","99","00","01","0","1094.01","0.77","0.07","0.26","0.35","3.22","3.09","2.28","8.75","0.0","9.4"
"20210215","20210215","110","KB_케이봇쌤_글로벌","6","99","00","02","0","1159.85","1.25","0.11","0.39","0.35","5.89","6.46","4.97","15.37","0.0","15.98"
"20210215","20210215","110","KB_케이봇쌤_글로벌","6","99","00","03","0","1187.87","1.47","0.12","0.44","0.36","6.79","7.62","5.78","18.2","0.0","18.79"
"20210215","20210215","111","KB_케이봇쌤_국내","6","00","00","01","0","1189.3","-1.34","-0.11","-0.15","-1.12","11.29","11.15","14.81","17.41","0.0","18.93"
"20210215","20210215","111","KB_케이봇쌤_국내","6","00","00","02","0","1269.24","-1.91","-0.15","-0.2","-1.51","15.54","15.96","20.86","24.9","0.0","26.92"
"20210215","20210215","111","KB_케이봇쌤_국내","6","00","00","03","0","1347.47","-2.48","-0.18","-0.25","-1.85","19.62","20.62","26.82","32.47","0.0","34.75"
"20210215","20210215","112","KB_케이봇쌤_해외","6","99","00","01","0","1115.12","1.22","0.11","0.37","0.82","3.72","4.5","4.54","11.33","0.0","11.51"
"20210215","20210215","112","KB_케이봇쌤_해외","6","99","00","02","0","1209.37","2.28","0.19","0.65","1.37","6.46","8.03","8.78","21.03","0.0","20.94"
"20210215","20210215","112","KB_케이봇쌤_해외","6","99","00","03","0","1278.61","3.02","0.24","0.81","1.71","8.2","10.69","11.35","28.15","0.0","27.86"
"20210215","20210215","114","한화 글로벌 자산배분","6","00","00","01","0","1177.07","0.87","0.07","0.28","0.04","9.03","10.3","12.65","16.69","0.0","17.71"
"20210215","20210215","114","한화 글로벌 자산배분","6","00","00","02","0","1212.24","1.54","0.13","0.35","0.11","9.81","10.8","12.81","19.81","0.0","21.22"
"20210215","20210215","114","한화 글로벌 자산배분","6","00","00","03","0","1244.08","1.44","0.12","0.37","0.09","12.46","13.38","13.68","22.25","0.0","24.41"
"20210215","20210215","117","이루다 올웨더","7","00","00","01","0","1043.79","0.6","0.06","0.21","0.32","0.78","0.41","1.65","4.61","0.0","4.38"
"20210215","20210215","193","이루다 올웨더","7","99","00","01","0","1043.79","0.6","0.06","0.21","0.32","0.78","0.41","1.65","4.61","0.0","4.38"
"20210215","20210215","117","이루다 올웨더","7","00","00","02","0","1108.03","2.11","0.19","0.78","1.32","3.53","3.85","4.01","11.16","0.0","10.8"
"20210215","20210215","193","이루다 올웨더","7","99","00","02","0","1108.03","2.11","0.19","0.78","1.32","3.53","3.85","4.01","11.16","0.0","10.8"
"20210215","20210215","117","이루다 올웨더","7","00","00","03","0","1125.97","3.37","0.3","1.22","2.34","6.14","7.12","4.66","12.99","0.0","12.6"
"20210215","20210215","193","이루다 올웨더","7","99","00","03","0","1125.97","3.37","0.3","1.22","2.34","6.14","7.12","4.66","12.99","0.0","12.6"
"20210215","20210215","118","신한-콴텍 가치투자 주식형 1호","7","00","00","01","0","1123.45","2.1","0.19","-0.09","-0.13","6.49","6.41","12.23","12.05","0.0","12.35"
"20210215","20210215","118","신한-콴텍 가치투자 주식형 1호","7","00","00","02","0","1202.41","3.51","0.29","-0.17","-0.2","11.3","11.89","21.71","19.97","0.0","20.24"
"20210215","20210215","118","신한-콴텍 가치투자 주식형 1호","7","00","00","03","0","1424.13","8.01","0.57","-0.39","-0.52","23.55","23.69","51.78","41.69","0.0","42.41"
"20210215","20210215","119","신한-콴텍 가치투자 주식형 2호","7","00","00","01","0","1473.56","8.82","0.6","-0.86","1.22","15.8","21.9","35.17","47.43","0.0","47.36"
"20210215","20210215","119","신한-콴텍 가치투자 주식형 2호","7","00","00","02","0","1860.33","17.44","0.95","-1.34","1.97","26.72","38.09","63.24","86.23","0.0","86.03"
"20210215","20210215","119","신한-콴텍 가치투자 주식형 2호","7","00","00","03","0","3146.55","49.37","1.59","-2.18","3.19","53.56","80.09","147.71","215.41","0.0","214.66"
"20210215","20210215","120","신한-콴텍 가치투자 주식형 3호","7","00","00","01","0","1303.37","9.32","0.72","0.1","3.23","12.3","14.45","18.86","29.37","0.0","30.34"
"20210215","20210215","120","신한-콴텍 가치투자 주식형 3호","7","00","00","02","0","1503.64","16.83","1.13","0.16","5.17","20.59","24.16","30.79","48.34","0.0","50.36"
"20210215","20210215","120","신한-콴텍 가치투자 주식형 3호","7","00","00","03","0","2048.64","37.99","1.89","0.26","8.84","39.4","47.43","57.74","99.78","0.0","104.86"
"20210215","20210215","121","신한-콴텍 가치투자 해외주식형 1호","7","99","00","01","0","1143.03","-8.86","-0.77","-0.9","3.03","4.06","-1.24","-0.88","14.2","0.0","14.3"
"20210215","20210215","121","신한-콴텍 가치투자 해외주식형 1호","7","99","00","02","0","1137.38","-7.83","-0.68","-0.28","5.14","8.98","3.99","-0.93","13.85","0.0","13.74"
"20210215","20210215","121","신한-콴텍 가치투자 해외주식형 1호","7","99","00","03","0","1124.94","-7.0","-0.62","0.5","8.14","16.89","12.45","-2.91","13.04","0.0","12.49"
"20210215","20210215","122","신한-콴텍 가치투자 해외주식형 2호","7","99","00","01","0","1142.76","-12.98","-1.12","-1.18","1.12","2.28","-4.24","-0.73","14.1","0.0","14.28"
"20210215","20210215","122","신한-콴텍 가치투자 해외주식형 2호","7","99","00","02","0","1120.68","-15.39","-1.35","-0.94","1.69","4.66","-2.94","-3.03","12.03","0.0","12.07"
"20210215","20210215","122","신한-콴텍 가치투자 해외주식형 2호","7","99","00","03","0","1152.09","-19.94","-1.7","-0.37","1.85","10.69","3.44","-1.61","14.97","0.0","15.21"
"20210215","20210215","123","신한-콴텍 가치투자 해외주식형 3호","7","99","00","01","0","1146.14","-9.68","-0.84","-1.02","1.1","2.36","-3.76","1.96","14.16","0.0","14.61"
"20210215","20210215","123","신한-콴텍 가치투자 해외주식형 3호","7","99","00","02","0","1133.25","-9.78","-0.86","-0.62","1.58","4.12","-2.24","2.16","12.66","0.0","13.33"
"20210215","20210215","123","신한-콴텍 가치투자 해외주식형 3호","7","99","00","03","0","1188.87","-9.45","-0.79","0.13","1.77","10.67","4.76","10.26","18.48","0.0","18.89"
"20210215","20210215","124","대신로보밸런스[ACT형]","7","00","00","01","0","1164.6","2.62","0.23","0.2","0.42","5.89","5.58","9.32","15.64","0.0","16.46"
"20210215","20210215","124","대신로보밸런스[ACT형]","7","00","00","02","0","1216.29","4.07","0.34","0.39","0.69","8.33","8.38","12.84","20.32","0.0","21.63"
"20210215","20210215","124","대신로보밸런스[ACT형]","7","00","00","03","0","1250.87","4.6","0.37","0.43","0.69","11.14","11.88","14.16","23.1","0.0","25.09"
"20210215","20210215","126","이루다 알파","8","00","00","01","0","1219.42","1.95","0.16","-0.3","-0.14","8.13","9.61","11.94","12.69","15.72","21.94"
"20210215","20210215","184","이루다 알파","8","99","00","01","0","1219.42","1.95","0.16","-0.3","-0.14","8.13","9.61","11.94","12.69","15.72","21.94"
"20210215","20210215","126","이루다 알파","8","00","00","02","0","1279.89","2.5","0.2","-0.79","-0.29","12.53","16.15","19.63","18.36","19.54","27.99"
"20210215","20210215","184","이루다 알파","8","99","00","02","0","1279.89","2.5","0.2","-0.79","-0.29","12.53","16.15","19.63","18.36","19.54","27.99"
"20210215","20210215","126","이루다 알파","8","00","00","03","0","1392.7","5.43","0.39","-0.97","0.21","18.35","24.36","28.58","24.06","22.84","39.27"
"20210215","20210215","184","이루다 알파","8","99","00","03","0","1392.7","5.43","0.39","-0.97","0.21","18.35","24.36","28.58","24.06","22.84","39.27"
"20210215","20210215","127","삼성증권 Robo로 자산배분","9","99","00","01","0","1171.28","2.69","0.23","0.09","0.6","4.02","4.93","9.36","0.0","0.0","17.13"
"20210215","20210215","127","삼성증권 Robo로 자산배분","9","99","00","02","0","1305.16","6.63","0.51","0.43","1.63","7.61","9.43","17.13","0.0","0.0","30.52"
"20210215","20210215","127","삼성증권 Robo로 자산배분","9","99","00","03","0","1336.86","9.27","0.7","0.51","1.9","9.1","11.35","18.44","0.0","0.0","33.69"
"20210215","20210215","141","BIGBOT 이퀄라이저 ETF","11","00","00","01","0","1071.59","2.63","0.25","-0.17","0.84","5.59","4.62","8.47","0.0","0.0","7.16"
"20210215","20210215","141","BIGBOT 이퀄라이저 ETF","11","00","00","02","0","1215.23","6.48","0.54","-0.35","2.21","15.76","13.16","22.86","0.0","0.0","21.52"
"20210215","20210215","141","BIGBOT 이퀄라이저 ETF","11","00","00","03","0","1436.05","16.22","1.14","-0.77","4.06","33.62","26.76","43.64","0.0","0.0","43.6"
"20210215","20210215","151","스마트 베타 1호","12","00","00","01","0","894.53","4.4","0.49","-0.25","2.21","-2.09","-3.26","-9.47","0.0","0.0","-10.55"
"20210215","20210215","151","스마트 베타 1호","12","00","00","02","0","870.76","4.98","0.58","-0.38","2.98","-2.28","-3.71","-11.9","0.0","0.0","-12.92"
"20210215","20210215","151","스마트 베타 1호","12","00","00","03","0","820.56","5.76","0.71","-0.45","3.42","-3.69","-5.49","-16.36","0.0","0.0","-17.94"
"20210215","20210215","154","신한-콴텍 국내주식형 대형1호","12","00","00","01","0","1082.84","0.92","0.09","0.27","0.49","4.54","5.17","9.49","0.0","0.0","8.28"
"20210215","20210215","154","신한-콴텍 국내주식형 대형1호","12","00","00","02","0","1137.03","1.26","0.11","0.56","0.58","8.03","11.09","16.24","0.0","0.0","13.7"
"20210215","20210215","154","신한-콴텍 국내주식형 대형1호","12","00","00","03","0","1305.58","2.75","0.21","1.03","1.23","17.16","27.93","37.76","0.0","0.0","30.56"
"20210215","20210215","155","신한-콴텍 국내주식형 대형2호","12","00","00","01","0","1028.79","2.21","0.22","0.08","-0.38","2.43","5.35","5.41","0.0","0.0","2.88"
"20210215","20210215","155","신한-콴텍 국내주식형 대형2호","12","00","00","02","0","1041.44","3.7","0.36","0.13","-0.81","4.47","8.85","8.55","0.0","0.0","4.14"
"20210215","20210215","155","신한-콴텍 국내주식형 대형2호","12","00","00","03","0","1065.42","7.53","0.71","0.2","-1.46","9.2","18.92","16.84","0.0","0.0","6.54"
"20210215","20210215","156","신한-콴텍 국내주식형 대형3호","12","00","00","01","0","1055.1","2.2","0.21","-0.07","1.75","6.22","4.65","5.35","0.0","0.0","5.51"
"20210215","20210215","156","신한-콴텍 국내주식형 대형3호","12","00","00","02","0","1077.12","3.51","0.33","-0.15","2.63","10.83","6.28","7.4","0.0","0.0","7.71"
"20210215","20210215","156","신한-콴텍 국내주식형 대형3호","12","00","00","03","0","1138.41","6.89","0.61","-0.3","5.29","24.4","13.29","13.8","0.0","0.0","13.84"
"20210215","20210215","157","신한-콴텍 국내주식형 대형4호","12","00","00","01","0","1045.76","-1.39","-0.13","-0.15","0.79","4.15","1.12","2.53","0.0","0.0","4.58"
"20210215","20210215","157","신한-콴텍 국내주식형 대형4호","12","00","00","02","0","1084.73","-3.12","-0.29","-0.27","1.34","8.55","2.1","4.78","0.0","0.0","8.47"
"20210215","20210215","157","신한-콴텍 국내주식형 대형4호","12","00","00","03","0","1109.17","-6.45","-0.58","-0.67","3.01","16.69","0.56","4.24","0.0","0.0","10.92"
"20210215","20210215","158","신한-콴텍 국내주식형 대형5호","12","00","00","01","0","1033.02","-0.86","-0.08","0.34","0.22","2.74","2.52","5.14","0.0","0.0","3.3"
"20210215","20210215","158","신한-콴텍 국내주식형 대형5호","12","00","00","02","0","1062.45","-2.65","-0.25","0.84","0.87","6.18","5.79","9.64","0.0","0.0","6.25"
"20210215","20210215","158","신한-콴텍 국내주식형 대형5호","12","00","00","03","0","1093.66","-5.36","-0.49","1.66","1.45","11.8","10.45","17.97","0.0","0.0","9.37"
"20210215","20210215","159","신한-콴텍 해외주식형 대형1호","12","99","00","01","0","1056.85","-7.53","-0.71","-0.39","2.83","5.17","4.17","2.55","0.0","0.0","5.68"
"20210215","20210215","159","신한-콴텍 해외주식형 대형1호","12","99","00","02","0","1021.04","-22.61","-2.17","-0.9","2.12","5.98","4.52","-1.44","0.0","0.0","2.1"
"20210215","20210215","159","신한-콴텍 해외주식형 대형1호","12","99","00","03","0","1033.76","-35.77","-3.34","-0.18","3.18","15.68","22.66","-1.05","0.0","0.0","3.38"
"20210215","20210215","160","신한-콴텍 해외주식형 대형2호","12","99","00","01","0","977.26","-7.21","-0.73","-0.83","3.12","2.23","-3.39","-5.89","0.0","0.0","-2.27"
"20210215","20210215","160","신한-콴텍 해외주식형 대형2호","12","99","00","02","0","989.85","-10.25","-1.02","-1.12","2.37","4.34","-0.98","-5.18","0.0","0.0","-1.01"
"20210215","20210215","160","신한-콴텍 해외주식형 대형2호","12","99","00","03","0","883.93","-10.9","-1.22","-0.45","4.84","11.71","7.49","-17.56","0.0","0.0","-11.61"
"20210215","20210215","163","신한-콴텍 해외주식형 대형3호","12","99","00","01","0","978.29","-9.05","-0.92","-1.03","1.98","1.97","-3.24","-5.17","0.0","0.0","-2.17"
"20210215","20210215","163","신한-콴텍 해외주식형 대형3호","12","99","00","02","0","991.53","-9.88","-0.99","-0.63","3.66","6.74","2.29","-3.87","0.0","0.0","-0.85"
"20210215","20210215","163","신한-콴텍 해외주식형 대형3호","12","99","00","03","0","972.31","-12.31","-1.25","0.71","8.53","16.74","14.35","-6.82","0.0","0.0","-2.77"
"20210215","20210215","164","신한-콴텍 해외주식형 대형4호","12","99","00","01","0","980.38","-8.44","-0.85","-0.96","2.32","4.45","-0.53","-5.41","0.0","0.0","-1.96"
"20210215","20210215","164","신한-콴텍 해외주식형 대형4호","12","99","00","02","0","985.84","-10.56","-1.06","-0.56","3.39","8.5","5.8","-5.61","0.0","0.0","-1.42"
"20210215","20210215","164","신한-콴텍 해외주식형 대형4호","12","99","00","03","0","953.92","-13.37","-1.38","0.68","6.82","21.49","23.81","-10.87","0.0","0.0","-4.61"
"20210215","20210215","165","신한-콴텍 해외주식형 대형5호","12","99","00","01","0","1012.84","-8.97","-0.88","-0.93","2.87","4.63","-3.13","-3.03","0.0","0.0","1.28"
"20210215","20210215","165","신한-콴텍 해외주식형 대형5호","12","99","00","02","0","1012.62","-8.99","-0.88","-0.82","2.62","7.28","-0.98","-3.68","0.0","0.0","1.26"
"20210215","20210215","165","신한-콴텍 해외주식형 대형5호","12","99","00","03","0","999.73","-10.39","-1.03","0.22","5.68","17.63","5.67","-8.22","0.0","0.0","-0.03"
"20210215","20210215","167","NH-콴텍 국내주식형 고배당기업","12","00","00","01","0","1123.39","2.16","0.19","0.67","0.99","3.96","4.54","11.9","0.0","0.0","12.34"
"20210215","20210215","167","NH-콴텍 국내주식형 고배당기업","12","00","00","02","0","1226.31","4.41","0.36","1.35","1.61","7.05","7.98","22.92","0.0","0.0","22.63"
"20210215","20210215","167","NH-콴텍 국내주식형 고배당기업","12","00","00","03","0","1540.6","15.65","1.03","3.37","3.46","15.24","22.78","59.46","0.0","0.0","54.06"
"20210215","20210215","168","NH-콴텍 국내주식형 현금여유기업","12","00","00","01","0","1099.76","0.31","0.03","-0.13","0.75","5.0","4.14","9.74","0.0","0.0","9.98"
"20210215","20210215","168","NH-콴텍 국내주식형 현금여유기업","12","00","00","02","0","1158.43","-0.35","-0.03","-0.23","0.61","8.61","7.81","17.77","0.0","0.0","15.84"
"20210215","20210215","168","NH-콴텍 국내주식형 현금여유기업","12","00","00","03","0","1454.36","4.74","0.33","-1.83","11.25","30.99","26.94","54.12","0.0","0.0","45.44"
"20210215","20210215","169","NH-콴텍 미국주식형 고배당기업","12","99","00","01","0","1056.29","-7.26","-0.68","-0.38","3.04","6.39","5.63","1.84","0.0","0.0","5.63"
"20210215","20210215","169","NH-콴텍 미국주식형 고배당기업","12","99","00","02","0","1056.58","-6.29","-0.59","0.58","4.92","11.93","12.3","1.51","0.0","0.0","5.66"
"20210215","20210215","169","NH-콴텍 미국주식형 고배당기업","12","99","00","03","0","957.97","-4.72","-0.49","2.74","9.56","27.88","22.43","-8.91","0.0","0.0","-4.2"
"20210215","20210215","170","NH-콴텍 미국주식형 현금여유기업","12","99","00","01","0","1007.02","-10.77","-1.06","-1.18","1.14","2.48","-3.88","-3.68","0.0","0.0","0.7"
"20210215","20210215","170","NH-콴텍 미국주식형 현금여유기업","12","99","00","02","0","1036.73","-12.79","-1.22","-0.97","1.47","5.21","-0.64","-1.38","0.0","0.0","3.67"
"20210215","20210215","170","NH-콴텍 미국주식형 현금여유기업","12","99","00","03","0","1043.47","-16.81","-1.59","-0.35","2.2","13.83","6.79","-3.18","0.0","0.0","4.35"
"20210215","20210215","174","티레이더Robo-ETF형","12","00","00","01","0","1018.87","0.18","0.02","-0.05","0.0","0.54","0.8","1.61","0.0","0.0","1.89"
"20210215","20210215","174","티레이더Robo-ETF형","12","00","00","02","0","1056.44","0.76","0.07","-0.25","-0.1","2.55","3.64","5.56","0.0","0.0","5.64"
"20210215","20210215","174","티레이더Robo-ETF형","12","00","00","03","0","1156.56","2.31","0.2","-0.7","-0.34","7.35","10.5","16.18","0.0","0.0","15.66"
"20210215","20210215","177","더모우스트 알파로보1","13","99","00","01","0","1059.8","-7.51","-0.7","-0.46","0.56","0.8","-5.86","6.47","0.0","0.0","5.98"
"20210215","20210215","177","더모우스트 알파로보1","13","99","00","02","0","985.35","-6.53","-0.66","0.03","0.35","-1.65","-9.03","-1.67","0.0","0.0","-1.47"
"20210215","20210215","177","더모우스트 알파로보1","13","99","00","03","0","956.34","-6.07","-0.63","0.34","0.24","-2.2","-10.42","-4.64","0.0","0.0","-4.37"
"20210215","20210215","178","AI 국내 주식형 1호","13","00","00","01","0","970.77","0.41","0.04","-0.03","0.55","0.84","0.78","-3.68","0.0","0.0","-2.92"
"20210215","20210215","178","AI 국내 주식형 1호","13","00","00","02","0","947.94","1.39","0.15","-0.06","0.93","1.77","1.88","-7.22","0.0","0.0","-5.21"
"20210215","20210215","178","AI 국내 주식형 1호","13","00","00","03","0","898.43","3.01","0.34","0.01","1.51","3.3","3.8","-14.38","0.0","0.0","-10.16"
"20210215","20210215","181","스마트 베타 2호","13","00","00","01","0","1091.07","3.03","0.28","1.17","6.17","2.32","4.54","8.91","0.0","0.0","9.11"
"20210215","20210215","181","스마트 베타 2호","13","00","00","02","0","1288.04","9.64","0.75","1.65","8.23","12.25","17.39","24.69","0.0","0.0","28.8"
"20210215","20210215","181","스마트 베타 2호","13","00","00","03","0","1526.94","18.71","1.24","2.26","10.51","22.9","31.58","43.63","0.0","0.0","52.69"
"20210215","20210215","182","LT연금플랜","13","99","00","01","0","1058.31","-1.63","-0.15","-0.52","0.43","6.06","5.04","4.51","0.0","0.0","5.83"
"20210215","20210215","182","LT연금플랜","13","99","00","02","0","1178.38","-1.13","-0.1","-0.36","1.03","12.76","12.97","15.34","0.0","0.0","17.84"
"20210215","20210215","182","LT연금플랜","13","99","00","03","0","1259.05","-0.12","-0.01","-0.27","1.21","17.37","18.97","22.31","0.0","0.0","25.9"
"20210215","20210215","186","가치투자 시뮬레이터","14","00","00","01","0","1070.11","0.78","0.07","0.33","0.25","1.0","3.72","0.0","0.0","0.0","7.01"
"20210215","20210215","186","가치투자 시뮬레이터","14","00","00","02","0","1112.95","0.89","0.08","0.37","0.12","1.37","4.81","0.0","0.0","0.0","11.3"
"20210215","20210215","186","가치투자 시뮬레이터","14","00","00","03","0","1137.91","1.49","0.13","0.58","0.05","1.81","5.31","0.0","0.0","0.0","13.79"
"20210215","20210215","187","하나금융 글로벌 자산배분 해외ETF 1호","14","99","00","01","0","1099.92","-8.01","-0.72","-0.76","2.67","6.12","2.92","0.0","0.0","0.0","9.99"
"20210215","20210215","187","하나금융 글로벌 자산배분 해외ETF 1호","14","99","00","02","0","1189.49","-7.82","-0.65","-0.43","3.73","9.72","7.69","0.0","0.0","0.0","18.95"
"20210215","20210215","187","하나금융 글로벌 자산배분 해외ETF 1호","14","99","00","03","0","1123.26","-7.57","-0.67","-0.72","2.32","5.71","1.47","0.0","0.0","0.0","12.33"
"20210215","20210215","188","스마트 베타 3호","14","00","00","01","0","896.02","2.59","0.29","1.15","-1.73","-7.46","-6.88","0.0","0.0","0.0","-10.4"
"20210215","20210215","188","스마트 베타 3호","14","00","00","02","0","1060.16","7.6","0.72","1.49","-2.33","-1.62","0.08","0.0","0.0","0.0","6.02"
"20210215","20210215","188","스마트 베타 3호","14","00","00","03","0","1242.56","14.15","1.15","1.7","-3.2","4.04","7.67","0.0","0.0","0.0","24.26"
"20210215","20210215","192","넥스트로보_1","14","00","00","01","0","1107.73","0.04","0.0","0.06","-0.2","1.9","-1.98","0.0","0.0","0.0","10.77"
"20210215","20210215","192","넥스트로보_1","14","00","00","02","0","1166.93","3.42","0.29","-0.46","-0.26","1.57","-3.94","0.0","0.0","0.0","16.69"
"20210215","20210215","192","넥스트로보_1","14","00","00","03","0","1207.42","0.93","0.08","-0.53","-1.42","2.02","-4.14","0.0","0.0","0.0","20.74"
"20210215","20210215","117","이루다 올웨더","7","00","00","01","0","983.58","-8.77","-0.88","-1.29","1.23","1.08","-4.24","-4.21","-1.42","0.0","-1.64"
"20210215","20210215","193","이루다 올웨더","7","99","00","01","0","983.58","-8.77","-0.88","-1.29","1.23","1.08","-4.24","-4.21","-1.42","0.0","-1.64"
"20210215","20210215","117","이루다 올웨더","7","00","00","02","0","1016.84","-6.08","-0.59","-1.01","1.27","2.15","-3.07","-4.55","2.02","0.0","1.68"
"20210215","20210215","193","이루다 올웨더","7","99","00","02","0","1016.84","-6.08","-0.59","-1.01","1.27","2.15","-3.07","-4.55","2.02","0.0","1.68"
"20210215","20210215","117","이루다 올웨더","7","00","00","03","0","1063.21","-4.32","-0.4","-0.45","2.14","5.99","1.91","-1.17","6.7","0.0","6.32"
"20210215","20210215","193","이루다 올웨더","7","99","00","03","0","1063.21","-4.32","-0.4","-0.45","2.14","5.99","1.91","-1.17","6.7","0.0","6.32"
"20210215","20210215","194","더모우스트 알파로보2","15","99","00","01","0","923.82","-2.36","-0.25","-0.22","-0.34","0.35","-6.91","0.0","0.0","0.0","-7.62"
"20210215","20210215","194","더모우스트 알파로보2","15","99","00","02","0","964.66","-7.97","-0.82","-0.56","-0.12","-0.35","-4.01","0.0","0.0","0.0","-3.53"
"20210215","20210215","194","더모우스트 알파로보2","15","99","00","03","0","1007.55","-4.9","-0.48","-0.24","0.25","4.47","1.19","0.0","0.0","0.0","0.75"
"20210215","20210215","195","SHAI NEO 글로벌 자산배분","15","99","00","01","0","941.45","-3.54","-0.37","0.19","1.93","1.9","-4.69","0.0","0.0","0.0","-5.85"
"20210215","20210215","195","SHAI NEO 글로벌 자산배분","15","99","00","02","0","989.5","-4.63","-0.47","0.16","2.19","5.18","-0.05","0.0","0.0","0.0","-1.05"
"20210215","20210215","195","SHAI NEO 글로벌 자산배분","15","99","00","03","0","1017.02","-4.77","-0.47","0.14","2.15","6.65","1.9","0.0","0.0","0.0","1.7"
"20210215","20210215","196","FLAN Evergreen CIS ETF","15","00","00","01","0","1050.78","3.81","0.36","-0.24","0.27","5.2","4.55","0.0","0.0","0.0","5.08"
"20210215","20210215","196","FLAN Evergreen CIS ETF","15","00","00","02","0","1085.4","5.63","0.52","-0.12","0.12","7.28","7.87","0.0","0.0","0.0","8.54"
"20210215","20210215","196","FLAN Evergreen CIS ETF","15","00","00","03","0","1115.4","6.8","0.61","0.13","0.27","7.89","11.1","0.0","0.0","0.0","11.54"
"20210215","20210215","200","PASS 코스피200","16","00","00","01","1","999.7","-0.17","-0.02","0.01","-0.58","1.47","0.0","0.0","0.0","0.0","-0.03"
"20210215","20210215","200","PASS 코스피200","16","00","00","02","1","999.21","-0.2","-0.02","0.02","-1.03","2.34","0.0","0.0","0.0","0.0","-0.08"
"20210215","20210215","200","PASS 코스피200","16","00","00","03","1","996.75","-0.25","-0.03","0.02","-1.82","3.09","0.0","0.0","0.0","0.0","-0.32"
"20210215","20210215","201","PASS 미국S&amp;P500","16","00","00","01","1","984.13","-2.69","-0.27","-0.59","-0.41","-1.22","0.0","0.0","0.0","0.0","-1.59"
"20210215","20210215","201","PASS 미국S&amp;P500","16","00","00","02","1","1012.41","-1.65","-0.16","-0.25","0.18","0.93","0.0","0.0","0.0","0.0","1.24"
"20210215","20210215","201","PASS 미국S&amp;P500","16","00","00","03","1","1041.22","-0.53","-0.05","0.11","0.31","3.09","0.0","0.0","0.0","0.0","4.12"
"20210215","20210215","202","FLAN Evergreen2 ETF","16","00","00","01","1","1049.02","3.87","0.37","-0.23","0.26","5.22","0.0","0.0","0.0","0.0","4.9"
"20210215","20210215","202","FLAN Evergreen2 ETF","16","00","00","01","2","1046.45","3.62","0.35","-0.2","0.24","4.99","0.0","0.0","0.0","0.0","4.65"
"20210215","20210215","202","FLAN Evergreen2 ETF","16","00","00","01","3","1037.62","3.67","0.35","-0.24","0.21","4.29","0.0","0.0","0.0","0.0","3.76"
"20210215","20210215","202","FLAN Evergreen2 ETF","16","00","00","02","1","1065.76","5.55","0.52","-0.15","0.11","7.42","0.0","0.0","0.0","0.0","6.58"
"20210215","20210215","202","FLAN Evergreen2 ETF","16","00","00","02","2","1060.59","5.22","0.49","-0.13","0.02","6.96","0.0","0.0","0.0","0.0","6.06"
"20210215","20210215","202","FLAN Evergreen2 ETF","16","00","00","02","3","1052.39","5.29","0.51","-0.15","-0.02","6.26","0.0","0.0","0.0","0.0","5.24"
"20210215","20210215","202","FLAN Evergreen2 ETF","16","00","00","03","1","1071.64","6.77","0.64","0.02","0.27","8.3","0.0","0.0","0.0","0.0","7.16"
"20210215","20210215","202","FLAN Evergreen2 ETF","16","00","00","03","2","1069.77","6.86","0.65","0.14","0.28","8.19","0.0","0.0","0.0","0.0","6.98"
"20210215","20210215","202","FLAN Evergreen2 ETF","16","00","00","03","3","1061.8","6.76","0.64","0.12","0.28","7.44","0.0","0.0","0.0","0.0","6.18"
"20210215","20210215","206","가우스앤 밸류핀(GaussN ValueFin)","17","00","00","01","1","1004.76","1.28","0.13","0.18","0.0","0.0","0.0","0.0","0.0","0.0","0.48"
"20210215","20210215","206","가우스앤 밸류핀(GaussN ValueFin)","17","00","00","01","2","1003.38","0.65","0.06","-0.03","0.0","0.0","0.0","0.0","0.0","0.0","0.34"
"20210215","20210215","206","가우스앤 밸류핀(GaussN ValueFin)","17","00","00","01","3","1003.19","0.69","0.07","-0.05","0.0","0.0","0.0","0.0","0.0","0.0","0.32"
"20210215","20210215","206","가우스앤 밸류핀(GaussN ValueFin)","17","00","00","02","1","1008.82","2.67","0.27","0.42","0.0","0.0","0.0","0.0","0.0","0.0","0.88"
"20210215","20210215","206","가우스앤 밸류핀(GaussN ValueFin)","17","00","00","02","2","1005.56","1.29","0.13","-0.07","0.0","0.0","0.0","0.0","0.0","0.0","0.56"
"20210215","20210215","206","가우스앤 밸류핀(GaussN ValueFin)","17","00","00","02","3","1005.28","1.28","0.13","-0.11","0.0","0.0","0.0","0.0","0.0","0.0","0.53"
"20210215","20210215","206","가우스앤 밸류핀(GaussN ValueFin)","17","00","00","03","1","1013.95","3.97","0.39","0.75","0.0","0.0","0.0","0.0","0.0","0.0","1.4"
"20210215","20210215","206","가우스앤 밸류핀(GaussN ValueFin)","17","00","00","03","2","1008.06","1.6","0.16","-0.15","0.0","0.0","0.0","0.0","0.0","0.0","0.81"
"20210215","20210215","206","가우스앤 밸류핀(GaussN ValueFin)","17","00","00","03","3","1008.38","1.59","0.16","-0.12","0.0","0.0","0.0","0.0","0.0","0.0","0.84"
"20210215","20210215","212","ESG로보자산배분","17","00","00","01","1","1007.43","-1.12","-0.11","-0.47","0.0","0.0","0.0","0.0","0.0","0.0","0.74"
"20210215","20210215","212","ESG로보자산배분","17","00","00","01","2","1009.0","-0.92","-0.09","-0.47","0.0","0.0","0.0","0.0","0.0","0.0","0.9"
"20210215","20210215","212","ESG로보자산배분","17","00","00","01","3","1010.44","-0.85","-0.08","-0.47","0.0","0.0","0.0","0.0","0.0","0.0","1.04"
"20210215","20210215","212","ESG로보자산배분","17","00","00","02","1","1012.72","-1.14","-0.11","-0.57","0.0","0.0","0.0","0.0","0.0","0.0","1.27"
"20210215","20210215","212","ESG로보자산배분","17","00","00","02","2","1013.01","-1.08","-0.11","-0.57","0.0","0.0","0.0","0.0","0.0","0.0","1.3"
"20210215","20210215","212","ESG로보자산배분","17","00","00","02","3","1012.89","-1.06","-0.1","-0.57","0.0","0.0","0.0","0.0","0.0","0.0","1.29"
"20210215","20210215","212","ESG로보자산배분","17","00","00","03","1","1014.21","-1.44","-0.14","-0.66","0.0","0.0","0.0","0.0","0.0","0.0","1.42"
"20210215","20210215","212","ESG로보자산배분","17","00","00","03","2","1014.89","-1.38","-0.14","-0.66","0.0","0.0","0.0","0.0","0.0","0.0","1.49"
"20210215","20210215","212","ESG로보자산배분","17","00","00","03","3","1016.52","-1.28","-0.13","-0.68","0.0","0.0","0.0","0.0","0.0","0.0","1.65"
"20210215","20210215","213","콴텍 Q-Shield 국내 주식 1호","17","00","00","01","1","1001.32","3.02","0.3","0.28","0.0","0.0","0.0","0.0","0.0","0.0","0.13"
"20210215","20210215","213","콴텍 Q-Shield 국내 주식 1호","17","00","00","01","2","1000.76","3.3","0.33","0.27","0.0","0.0","0.0","0.0","0.0","0.0","0.08"
"20210215","20210215","213","콴텍 Q-Shield 국내 주식 1호","17","00","00","01","3","1001.15","3.42","0.34","0.3","0.0","0.0","0.0","0.0","0.0","0.0","0.11"
"20210215","20210215","213","콴텍 Q-Shield 국내 주식 1호","17","00","00","02","1","1001.95","5.8","0.58","0.51","0.0","0.0","0.0","0.0","0.0","0.0","0.2"
"20210215","20210215","213","콴텍 Q-Shield 국내 주식 1호","17","00","00","02","2","1002.28","5.76","0.58","0.5","0.0","0.0","0.0","0.0","0.0","0.0","0.23"
"20210215","20210215","213","콴텍 Q-Shield 국내 주식 1호","17","00","00","02","3","1002.25","5.91","0.59","0.54","0.0","0.0","0.0","0.0","0.0","0.0","0.23"
"20210215","20210215","213","콴텍 Q-Shield 국내 주식 1호","17","00","00","03","1","1004.46","11.75","1.18","1.03","0.0","0.0","0.0","0.0","0.0","0.0","0.45"
"20210215","20210215","213","콴텍 Q-Shield 국내 주식 1호","17","00","00","03","2","1004.53","11.64","1.17","0.99","0.0","0.0","0.0","0.0","0.0","0.0","0.45"
"20210215","20210215","213","콴텍 Q-Shield 국내 주식 1호","17","00","00","03","3","1005.18","12.02","1.21","1.08","0.0","0.0","0.0","0.0","0.0","0.0","0.52"
"20210215","20210215","214","콴텍 Q-Shield 국내 주식 2호","17","00","00","01","1","1009.43","4.01","0.4","0.87","0.0","0.0","0.0","0.0","0.0","0.0","0.94"
"20210215","20210215","214","콴텍 Q-Shield 국내 주식 2호","17","00","00","01","2","1008.28","3.76","0.37","0.83","0.0","0.0","0.0","0.0","0.0","0.0","0.83"
"20210215","20210215","214","콴텍 Q-Shield 국내 주식 2호","17","00","00","01","3","1008.86","4.56","0.45","0.91","0.0","0.0","0.0","0.0","0.0","0.0","0.89"
"20210215","20210215","214","콴텍 Q-Shield 국내 주식 2호","17","00","00","02","1","1015.88","7.75","0.77","1.54","0.0","0.0","0.0","0.0","0.0","0.0","1.59"
"20210215","20210215","214","콴텍 Q-Shield 국내 주식 2호","17","00","00","02","2","1015.24","6.89","0.68","1.4","0.0","0.0","0.0","0.0","0.0","0.0","1.52"
"20210215","20210215","214","콴텍 Q-Shield 국내 주식 2호","17","00","00","02","3","1016.3","7.43","0.74","1.57","0.0","0.0","0.0","0.0","0.0","0.0","1.63"
"20210215","20210215","214","콴텍 Q-Shield 국내 주식 2호","17","00","00","03","1","1031.42","15.4","1.52","3.1","0.0","0.0","0.0","0.0","0.0","0.0","3.14"
"20210215","20210215","214","콴텍 Q-Shield 국내 주식 2호","17","00","00","03","2","1032.55","15.72","1.55","3.14","0.0","0.0","0.0","0.0","0.0","0.0","3.25"
"20210215","20210215","214","콴텍 Q-Shield 국내 주식 2호","17","00","00","03","3","1034.09","16.06","1.58","3.24","0.0","0.0","0.0","0.0","0.0","0.0","3.41"
"20210215","20210215","215","콴텍 Q-Shield 국내 주식 3호","17","00","00","01","1","1012.07","4.05","0.4","0.26","0.0","0.0","0.0","0.0","0.0","0.0","1.21"
"20210215","20210215","215","콴텍 Q-Shield 국내 주식 3호","17","00","00","01","2","1011.78","4.47","0.44","0.29","0.0","0.0","0.0","0.0","0.0","0.0","1.18"
"20210215","20210215","215","콴텍 Q-Shield 국내 주식 3호","17","00","00","01","3","1012.93","4.38","0.43","0.3","0.0","0.0","0.0","0.0","0.0","0.0","1.29"
"20210215","20210215","215","콴텍 Q-Shield 국내 주식 3호","17","00","00","02","1","1019.04","7.69","0.76","0.5","0.0","0.0","0.0","0.0","0.0","0.0","1.9"
"20210215","20210215","215","콴텍 Q-Shield 국내 주식 3호","17","00","00","02","2","1020.57","7.69","0.76","0.5","0.0","0.0","0.0","0.0","0.0","0.0","2.06"
"20210215","20210215","215","콴텍 Q-Shield 국내 주식 3호","17","00","00","02","3","1020.56","7.28","0.72","0.49","0.0","0.0","0.0","0.0","0.0","0.0","2.06"
"20210215","20210215","215","콴텍 Q-Shield 국내 주식 3호","17","00","00","03","1","1041.27","15.27","1.49","0.98","0.0","0.0","0.0","0.0","0.0","0.0","4.13"
"20210215","20210215","215","콴텍 Q-Shield 국내 주식 3호","17","00","00","03","2","1043.66","15.21","1.48","1.01","0.0","0.0","0.0","0.0","0.0","0.0","4.37"
"20210215","20210215","215","콴텍 Q-Shield 국내 주식 3호","17","00","00","03","3","1042.37","15.22","1.48","1.0","0.0","0.0","0.0","0.0","0.0","0.0","4.24"
"20210215","20210215","216","콴텍 Q-Shield 국내 EMP 1호","17","00","00","01","1","1006.1","-0.72","-0.07","0.13","0.0","0.0","0.0","0.0","0.0","0.0","0.61"
"20210215","20210215","216","콴텍 Q-Shield 국내 EMP 1호","17","00","00","01","2","1006.16","-0.7","-0.07","0.13","0.0","0.0","0.0","0.0","0.0","0.0","0.62"
"20210215","20210215","216","콴텍 Q-Shield 국내 EMP 1호","17","00","00","01","3","1006.02","-0.75","-0.07","0.12","0.0","0.0","0.0","0.0","0.0","0.0","0.6"
"20210215","20210215","216","콴텍 Q-Shield 국내 EMP 1호","17","00","00","02","1","1013.12","-1.11","-0.11","0.18","0.0","0.0","0.0","0.0","0.0","0.0","1.31"
"20210215","20210215","216","콴텍 Q-Shield 국내 EMP 1호","17","00","00","02","2","1012.68","-1.14","-0.11","0.19","0.0","0.0","0.0","0.0","0.0","0.0","1.27"
"20210215","20210215","216","콴텍 Q-Shield 국내 EMP 1호","17","00","00","02","3","1012.88","-1.1","-0.11","0.19","0.0","0.0","0.0","0.0","0.0","0.0","1.29"
"20210215","20210215","216","콴텍 Q-Shield 국내 EMP 1호","17","00","00","03","1","1022.38","-1.49","-0.15","0.26","0.0","0.0","0.0","0.0","0.0","0.0","2.24"
"20210215","20210215","216","콴텍 Q-Shield 국내 EMP 1호","17","00","00","03","2","1022.03","-1.48","-0.14","0.25","0.0","0.0","0.0","0.0","0.0","0.0","2.2"
"20210215","20210215","216","콴텍 Q-Shield 국내 EMP 1호","17","00","00","03","3","1022.25","-1.5","-0.15","0.25","0.0","0.0","0.0","0.0","0.0","0.0","2.23"
"20210215","20210215","217","콴텍 Q-Shield 국내 EMP 2호","17","00","00","01","1","1000.5","-0.59","-0.06","0.06","0.0","0.0","0.0","0.0","0.0","0.0","0.05"
"20210215","20210215","217","콴텍 Q-Shield 국내 EMP 2호","17","00","00","01","2","1001.04","-0.58","-0.06","0.07","0.0","0.0","0.0","0.0","0.0","0.0","0.1"
"20210215","20210215","217","콴텍 Q-Shield 국내 EMP 2호","17","00","00","01","3","1000.19","-0.61","-0.06","0.06","0.0","0.0","0.0","0.0","0.0","0.0","0.02"
"20210215","20210215","217","콴텍 Q-Shield 국내 EMP 2호","17","00","00","02","1","1000.77","-0.87","-0.09","0.11","0.0","0.0","0.0","0.0","0.0","0.0","0.08"
"20210215","20210215","217","콴텍 Q-Shield 국내 EMP 2호","17","00","00","02","2","1000.97","-0.89","-0.09","0.11","0.0","0.0","0.0","0.0","0.0","0.0","0.1"
"20210215","20210215","217","콴텍 Q-Shield 국내 EMP 2호","17","00","00","02","3","1000.48","-0.86","-0.09","0.11","0.0","0.0","0.0","0.0","0.0","0.0","0.05"
"20210215","20210215","217","콴텍 Q-Shield 국내 EMP 2호","17","00","00","03","1","1000.87","-1.19","-0.12","0.15","0.0","0.0","0.0","0.0","0.0","0.0","0.09"
"20210215","20210215","217","콴텍 Q-Shield 국내 EMP 2호","17","00","00","03","2","1000.72","-1.16","-0.12","0.16","0.0","0.0","0.0","0.0","0.0","0.0","0.07"
"20210215","20210215","217","콴텍 Q-Shield 국내 EMP 2호","17","00","00","03","3","1000.65","-1.18","-0.12","0.15","0.0","0.0","0.0","0.0","0.0","0.0","0.07"
"20210215","20210215","218","콴텍 Q-Shield 국내 EMP 3호","17","00","00","01","1","1001.99","-0.12","-0.01","0.28","0.0","0.0","0.0","0.0","0.0","0.0","0.2"
"20210215","20210215","218","콴텍 Q-Shield 국내 EMP 3호","17","00","00","01","2","1002.01","-0.13","-0.01","0.28","0.0","0.0","0.0","0.0","0.0","0.0","0.2"
"20210215","20210215","218","콴텍 Q-Shield 국내 EMP 3호","17","00","00","01","3","1001.73","-0.14","-0.01","0.27","0.0","0.0","0.0","0.0","0.0","0.0","0.17"
"20210215","20210215","218","콴텍 Q-Shield 국내 EMP 3호","17","00","00","02","1","1001.82","-0.17","-0.02","0.41","0.0","0.0","0.0","0.0","0.0","0.0","0.18"
"20210215","20210215","218","콴텍 Q-Shield 국내 EMP 3호","17","00","00","02","2","1001.4","-0.22","-0.02","0.4","0.0","0.0","0.0","0.0","0.0","0.0","0.14"
"20210215","20210215","218","콴텍 Q-Shield 국내 EMP 3호","17","00","00","02","3","1001.69","-0.21","-0.02","0.4","0.0","0.0","0.0","0.0","0.0","0.0","0.17"
"20210215","20210215","218","콴텍 Q-Shield 국내 EMP 3호","17","00","00","03","1","1001.52","-0.3","-0.03","0.53","0.0","0.0","0.0","0.0","0.0","0.0","0.15"
"20210215","20210215","218","콴텍 Q-Shield 국내 EMP 3호","17","00","00","03","2","1000.75","-0.29","-0.03","0.54","0.0","0.0","0.0","0.0","0.0","0.0","0.08"
"20210215","20210215","218","콴텍 Q-Shield 국내 EMP 3호","17","00","00","03","3","1000.74","-0.31","-0.03","0.54","0.0","0.0","0.0","0.0","0.0","0.0","0.07"
"20210215","20210215","219","콴텍 Q-Shield 국내 EMP 4호","17","00","00","01","1","1000.34","-0.46","-0.05","-0.13","0.0","0.0","0.0","0.0","0.0","0.0","0.03"
"20210215","20210215","219","콴텍 Q-Shield 국내 EMP 4호","17","00","00","01","2","1000.17","-0.49","-0.05","-0.15","0.0","0.0","0.0","0.0","0.0","0.0","0.02"
"20210215","20210215","219","콴텍 Q-Shield 국내 EMP 4호","17","00","00","01","3","1000.23","-0.47","-0.05","-0.14","0.0","0.0","0.0","0.0","0.0","0.0","0.02"
"20210215","20210215","219","콴텍 Q-Shield 국내 EMP 4호","17","00","00","02","1","1001.66","-0.55","-0.05","-0.22","0.0","0.0","0.0","0.0","0.0","0.0","0.17"
"20210215","20210215","219","콴텍 Q-Shield 국내 EMP 4호","17","00","00","02","2","1001.76","-0.72","-0.07","-0.23","0.0","0.0","0.0","0.0","0.0","0.0","0.18"
"20210215","20210215","219","콴텍 Q-Shield 국내 EMP 4호","17","00","00","02","3","1001.85","-0.62","-0.06","-0.23","0.0","0.0","0.0","0.0","0.0","0.0","0.19"
"20210215","20210215","219","콴텍 Q-Shield 국내 EMP 4호","17","00","00","03","1","1003.37","-0.96","-0.1","-0.3","0.0","0.0","0.0","0.0","0.0","0.0","0.34"
"20210215","20210215","219","콴텍 Q-Shield 국내 EMP 4호","17","00","00","03","2","1003.16","-0.96","-0.1","-0.32","0.0","0.0","0.0","0.0","0.0","0.0","0.32"
"20210215","20210215","219","콴텍 Q-Shield 국내 EMP 4호","17","00","00","03","3","1003.45","-0.96","-0.1","-0.31","0.0","0.0","0.0","0.0","0.0","0.0","0.34"
